{"cameraMode":{"drawMode":0,"name":"Shaded","section":"Shading Mode"},"sceneLighting":true,"audioPlay":false,"sceneViewState":{"m_AlwaysRefresh":false,"showFog":true,"showSkybox":true,"showFlares":true,"showImageEffects":true,"showParticleSystems":true,"showVisualEffectGraphs":true,"m_FxEnabled":true},"in2DMode":false,"pivot":{"x":113.26995849609375,"y":4.941378593444824,"z":138.21807861328126},"rotation":{"x":-0.0024061063304543497,"y":0.9905747771263123,"z":-0.13636977970600129,"w":-0.016440926119685174},"size":13.115859031677246,"orthographic":false}