{"cameraMode":{"drawMode":0,"name":"Shaded","section":"Shading Mode"},"sceneLighting":true,"audioPlay":false,"sceneViewState":{"m_AlwaysRefresh":false,"showFog":true,"showSkybox":true,"showFlares":true,"showImageEffects":true,"showParticleSystems":true,"showVisualEffectGraphs":true,"m_FxEnabled":true},"in2DMode":false,"pivot":{"x":-1.6750491857528687,"y":2.2034449577331545,"z":-19.234481811523439},"rotation":{"x":-0.195550337433815,"y":0.001960253808647394,"z":-0.00036920560523867607,"w":-0.9807397723197937},"size":8.727752685546875,"orthographic":false}