{"cameraMode":{"drawMode":0,"name":"Shaded","section":"Shading Mode"},"sceneLighting":true,"audioPlay":false,"sceneViewState":{"m_AlwaysRefresh":false,"showFog":true,"showSkybox":true,"showFlares":true,"showImageEffects":true,"showParticleSystems":true,"showVisualEffectGraphs":true,"m_FxEnabled":true},"in2DMode":false,"pivot":{"x":6.15615701675415,"y":11.922578811645508,"z":-26.444089889526368},"rotation":{"x":-0.17790809273719788,"y":-0.17550109326839448,"z":0.03226365149021149,"w":-0.9677346348762512},"size":13.945502281188965,"orthographic":false}